"AmazonFresh Colombia Ground Coffee, Medium Roast, 32 Ounce",39.9
"Maxwell House Breakfast Blend Light Roast K-Cup Coffee Pods (72 Pods, 6 Packs of 12)",39.9
"Maxwell House Original Medium Roast K-Cup Coffee Pods (72 Pods, 4 Packs of 18)",39.9
"Seattle's Best Coffee Toasted Hazelnut Flavored Medium Roast Ground Coffee, 12 Ounce (Pack of 6)",39.9
Starbucks Flavored Ground Coffee — Variety Pack — No Artificial Flavors — 3 bags (11 oz. each),39.9
"Folgers Gourmet Supreme Ground Coffee, 24.2 Oz",39.9
"Dunkin' Original Blend Medium Roast Ground Coffee, 12 Ounces",39.9
"The Original Donut Shop Keurig Single-Serve K-Cup Pods, Regular Medium Roast Coffee, 72 Count",39.9
"Keurig Coffee Lovers' Collection Variety Pack, Single-Serve Coffee K-Cup Pods Sampler, 40 Count",39.9
,39.9
"DEATH WISH COFFEE Ground Coffee Dark Roast [16 oz.] The World's Strongest Coffee - Organic, Fair Trade, Strong Coffee Grounds from Arabica, Robusta (1-Pack)",39.9
"Energy Boosting Tea DAYHOLIC by ekön | Boost Your Energy & Focus While Reducing Fatigue | A Coffee Substitute| Inspired for Men, Loved by Women with touches of rich Hazelnut & Cinnamon | 30 day Supply",39.9
BLK & Bold | Rise & GRND Coffee Blend | Fair Trade Certified | Medium Roast | Ground Coffee | 12 oz. bag,39.9
"Chameleon Organic Coffee Guatemala Whole Bean, Medium Roast, Milk Chocolate and Citrus, 9 Oz, 3 Count",39.9
"Lavazza Super Crema Whole Bean Coffee Blend, Medium Espresso Roast, 2.2 Pound (Pack of 1) Authentic Italian, Blended And Roasted in Italy, Produced in a nut-free facility center, Mild and creamy",39.9
"The Original Donut Shop Keurig Single-Serve K-Cup Pods, Regular Medium Roast Coffee, 72 Count",39.9
"Maxwell House Coffee, Original, 30.6-Oz Container",39.9
BLK & Bold | La Guadalupe Honduras Single Origin | Fair Trade Certified | Light Roast | Ground Coffee | 2 pack of 12 oz. bags,39.9
BLK & Bold | Smoove Operator Coffee Blend | Fair Trade Certified & Micro-Imported | Dark Roast | Ground Coffee | 12 oz Bag,39.9
BLK & Bold | Rise & GRND Coffee Blend | Fair Trade Certified | Medium Roast | Ground Coffee | 12 oz. bag,39.9
,39.9